timestamp,series_id,value,partition
2026-01-01T00:00:00Z,A,0.0,train
2026-01-02T00:00:00Z,A,10.0,train
2026-01-03T00:00:00Z,A,20.0,train
2026-01-04T00:00:00Z,A,30.0,train
2026-01-05T00:00:00Z,A,40.0,train
2026-01-06T00:00:00Z,A,50.0,train
2026-01-07T00:00:00Z,A,60.0,train
2026-01-08T00:00:00Z,A,70.0,train
2026-01-09T00:00:00Z,A,80.0,train
2026-01-10T00:00:00Z,A,90.0,train
2026-01-11T00:00:00Z,A,100.0,test
2026-01-12T00:00:00Z,A,110.0,test
2026-01-13T00:00:00Z,A,120.0,test
2026-01-14T00:00:00Z,A,130.0,test
2026-01-15T00:00:00Z,A,140.0,test
2026-01-20T00:00:00Z,A,100.0,train
